RESTORED	src/01_App/hiclarify/christian/prayer/replaytimeline.tsx	src/01_App/hiclarify/christian/prayer/ReplayTimeline.tsx	2a7cd1f8a156dfe81427f019540af91922a04068
RESTORED	src/01_App/hiclarify/christian/prayer/prayertypes.ts	src/01_App/hiclarify/christian/prayer/PrayerTypes.ts	2a7cd1f8a156dfe81427f019540af91922a04068
RESTORED	src/01_App/hiclarify/christian/prayer/utils/prayerdraftstore.ts	src/01_App/hiclarify/christian/prayer/utils/prayerDraftStore.ts	2a7cd1f8a156dfe81427f019540af91922a04068
RESTORED	src/01_App/hiclarify/christian/prayer/utils/formattime.ts	src/01_App/hiclarify/christian/prayer/utils/formatTime.ts	2a7cd1f8a156dfe81427f019540af91922a04068
RESTORED	src/01_App/hiclarify/christian/prayer/onboarding/orgonboardingbanner.tsx	src/01_App/hiclarify/christian/prayer/onboarding/OrgOnboardingBanner.tsx	2a7cd1f8a156dfe81427f019540af91922a04068
RESTORED	src/01_App/hiclarify/christian/christianapp.tsx	src/01_App/hiclarify/christian/ChristianApp.tsx	2a7cd1f8a156dfe81427f019540af91922a04068
RESTORED	src/01_App/hiclarify/plan/planapp.tsx	src/01_App/hiclarify/plan/PlanApp.tsx	2a7cd1f8a156dfe81427f019540af91922a04068
RESTORED	src/01_App/hiclarify/protect/protectapp.tsx	src/01_App/hiclarify/protect/ProtectApp.tsx	2a7cd1f8a156dfe81427f019540af91922a04068
RESTORED	src/01_App/hiclarify/research/researchapp.tsx	src/01_App/hiclarify/research/ResearchApp.tsx	2a7cd1f8a156dfe81427f019540af91922a04068
RESTORED	src/01_App/hiclarify/learn/learnapp.tsx	src/01_App/hiclarify/learn/LearnApp.tsx	2a7cd1f8a156dfe81427f019540af91922a04068
RESTORED	src/01_App/containercreations/learn/landing/containercreationslanding.tsx	src/01_App/containercreations/learn/landing/ContainerCreationsLanding.tsx	2a7cd1f8a156dfe81427f019540af91922a04068
RESTORED	src/01_App/containercreations/learn/onboarding/flowsindex.tsx	src/01_App/containercreations/learn/onboarding/FlowsIndex.tsx	2a7cd1f8a156dfe81427f019540af91922a04068
